[{"model": "admin.logentry", "pk": 1, "fields": {"action_time": "2025-06-14T17:24:34.211Z", "user": 1, "content_type": 10, "object_id": "1", "object_repr": "Miguel Alanoca Mamani", "action_flag": 1, "change_message": "[{\"added\": {}}]"}}, {"model": "admin.logentry", "pk": 2, "fields": {"action_time": "2025-06-14T17:25:29.277Z", "user": 1, "content_type": 4, "object_id": "4", "object_repr": "Carol99", "action_flag": 1, "change_message": "[{\"added\": {}}]"}}, {"model": "admin.logentry", "pk": 3, "fields": {"action_time": "2025-06-14T17:25:44.888Z", "user": 1, "content_type": 10, "object_id": "2", "object_repr": "Carolina Apaza Ruiz Gimenez", "action_flag": 1, "change_message": "[{\"added\": {}}]"}}, {"model": "admin.logentry", "pk": 4, "fields": {"action_time": "2025-06-14T17:26:46.142Z", "user": 1, "content_type": 7, "object_id": "1", "object_repr": "Ingles A1", "action_flag": 1, "change_message": "[{\"added\": {}}]"}}, {"model": "admin.logentry", "pk": 5, "fields": {"action_time": "2025-06-14T17:27:01.703Z", "user": 1, "content_type": 7, "object_id": "2", "object_repr": "Ingles A2", "action_flag": 1, "change_message": "[{\"added\": {}}]"}}, {"model": "admin.logentry", "pk": 6, "fields": {"action_time": "2025-06-14T17:27:35.487Z", "user": 1, "content_type": 7, "object_id": "3", "object_repr": "B1", "action_flag": 1, "change_message": "[{\"added\": {}}]"}}, {"model": "admin.logentry", "pk": 7, "fields": {"action_time": "2025-06-14T17:27:42.239Z", "user": 1, "content_type": 7, "object_id": "3", "object_repr": "Ingles B1", "action_flag": 2, "change_message": "[{\"changed\": {\"fields\": [\"Titulo\"]}}]"}}, {"model": "admin.logentry", "pk": 8, "fields": {"action_time": "2025-06-14T17:28:08.575Z", "user": 1, "content_type": 7, "object_id": "4", "object_repr": "Ingles B2", "action_flag": 1, "change_message": "[{\"added\": {}}]"}}, {"model": "admin.logentry", "pk": 9, "fields": {"action_time": "2025-06-14T17:32:46.289Z", "user": 1, "content_type": 7, "object_id": "5", "object_repr": "Aymara A1", "action_flag": 1, "change_message": "[{\"added\": {}}]"}}, {"model": "admin.logentry", "pk": 10, "fields": {"action_time": "2025-06-14T17:33:12.808Z", "user": 1, "content_type": 7, "object_id": "6", "object_repr": "Aymara A2", "action_flag": 1, "change_message": "[{\"added\": {}}]"}}, {"model": "admin.logentry", "pk": 11, "fields": {"action_time": "2025-06-14T17:33:28.806Z", "user": 1, "content_type": 7, "object_id": "7", "object_repr": "Aymara A3", "action_flag": 1, "change_message": "[{\"added\": {}}]"}}, {"model": "admin.logentry", "pk": 12, "fields": {"action_time": "2025-06-14T17:33:57.844Z", "user": 1, "content_type": 4, "object_id": "5", "object_repr": "Gimana99", "action_flag": 1, "change_message": "[{\"added\": {}}]"}}, {"model": "admin.logentry", "pk": 13, "fields": {"action_time": "2025-06-14T17:34:19.537Z", "user": 1, "content_type": 10, "object_id": "3", "object_repr": "Gimena Gabriel Turan Lopez", "action_flag": 1, "change_message": "[{\"added\": {}}]"}}, {"model": "admin.logentry", "pk": 14, "fields": {"action_time": "2025-06-14T17:34:43.087Z", "user": 1, "content_type": 7, "object_id": "8", "object_repr": "Quechua A1", "action_flag": 1, "change_message": "[{\"added\": {}}]"}}, {"model": "admin.logentry", "pk": 15, "fields": {"action_time": "2025-06-14T17:35:01.337Z", "user": 1, "content_type": 7, "object_id": "9", "object_repr": "Quechua A2", "action_flag": 1, "change_message": "[{\"added\": {}}]"}}, {"model": "admin.logentry", "pk": 16, "fields": {"action_time": "2025-06-14T17:35:15.847Z", "user": 1, "content_type": 7, "object_id": "10", "object_repr": "Quechua A3", "action_flag": 1, "change_message": "[{\"added\": {}}]"}}, {"model": "admin.logentry", "pk": 17, "fields": {"action_time": "2025-06-14T18:26:55.015Z", "user": 1, "content_type": 9, "object_id": "3", "object_repr": "Perfil de Miguel99", "action_flag": 2, "change_message": "[{\"changed\": {\"fields\": [\"Biografia\", \"Idioma nativo\", \"Intereses\"]}}]"}}, {"model": "admin.logentry", "pk": 18, "fields": {"action_time": "2025-06-14T18:27:40.739Z", "user": 1, "content_type": 9, "object_id": "2", "object_repr": "Perfil de karen76", "action_flag": 2, "change_message": "[{\"changed\": {\"fields\": [\"Biografia\", \"Idioma nativo\", \"Intereses\"]}}]"}}, {"model": "admin.logentry", "pk": 19, "fields": {"action_time": "2025-06-14T18:58:15.007Z", "user": 1, "content_type": 9, "object_id": "3", "object_repr": "Perfil de Miguel99", "action_flag": 2, "change_message": "[]"}}, {"model": "admin.logentry", "pk": 20, "fields": {"action_time": "2025-06-14T21:19:26.453Z", "user": 1, "content_type": 9, "object_id": "3", "object_repr": "Perfil de Miguel99", "action_flag": 2, "change_message": "[{\"changed\": {\"fields\": [\"Biografia\", \"Intereses\"]}}]"}}, {"model": "auth.permission", "pk": 1, "fields": {"name": "Can add log entry", "content_type": 1, "codename": "add_logentry"}}, {"model": "auth.permission", "pk": 2, "fields": {"name": "Can change log entry", "content_type": 1, "codename": "change_logentry"}}, {"model": "auth.permission", "pk": 3, "fields": {"name": "Can delete log entry", "content_type": 1, "codename": "delete_logentry"}}, {"model": "auth.permission", "pk": 4, "fields": {"name": "Can view log entry", "content_type": 1, "codename": "view_logentry"}}, {"model": "auth.permission", "pk": 5, "fields": {"name": "Can add permission", "content_type": 2, "codename": "add_permission"}}, {"model": "auth.permission", "pk": 6, "fields": {"name": "Can change permission", "content_type": 2, "codename": "change_permission"}}, {"model": "auth.permission", "pk": 7, "fields": {"name": "Can delete permission", "content_type": 2, "codename": "delete_permission"}}, {"model": "auth.permission", "pk": 8, "fields": {"name": "Can view permission", "content_type": 2, "codename": "view_permission"}}, {"model": "auth.permission", "pk": 9, "fields": {"name": "Can add group", "content_type": 3, "codename": "add_group"}}, {"model": "auth.permission", "pk": 10, "fields": {"name": "Can change group", "content_type": 3, "codename": "change_group"}}, {"model": "auth.permission", "pk": 11, "fields": {"name": "Can delete group", "content_type": 3, "codename": "delete_group"}}, {"model": "auth.permission", "pk": 12, "fields": {"name": "Can view group", "content_type": 3, "codename": "view_group"}}, {"model": "auth.permission", "pk": 13, "fields": {"name": "Can add user", "content_type": 4, "codename": "add_user"}}, {"model": "auth.permission", "pk": 14, "fields": {"name": "Can change user", "content_type": 4, "codename": "change_user"}}, {"model": "auth.permission", "pk": 15, "fields": {"name": "Can delete user", "content_type": 4, "codename": "delete_user"}}, {"model": "auth.permission", "pk": 16, "fields": {"name": "Can view user", "content_type": 4, "codename": "view_user"}}, {"model": "auth.permission", "pk": 17, "fields": {"name": "Can add content type", "content_type": 5, "codename": "add_contenttype"}}, {"model": "auth.permission", "pk": 18, "fields": {"name": "Can change content type", "content_type": 5, "codename": "change_contenttype"}}, {"model": "auth.permission", "pk": 19, "fields": {"name": "Can delete content type", "content_type": 5, "codename": "delete_contenttype"}}, {"model": "auth.permission", "pk": 20, "fields": {"name": "Can view content type", "content_type": 5, "codename": "view_contenttype"}}, {"model": "auth.permission", "pk": 21, "fields": {"name": "Can add session", "content_type": 6, "codename": "add_session"}}, {"model": "auth.permission", "pk": 22, "fields": {"name": "Can change session", "content_type": 6, "codename": "change_session"}}, {"model": "auth.permission", "pk": 23, "fields": {"name": "Can delete session", "content_type": 6, "codename": "delete_session"}}, {"model": "auth.permission", "pk": 24, "fields": {"name": "Can view session", "content_type": 6, "codename": "view_session"}}, {"model": "auth.permission", "pk": 25, "fields": {"name": "Can add curso", "content_type": 7, "codename": "add_curso"}}, {"model": "auth.permission", "pk": 26, "fields": {"name": "Can change curso", "content_type": 7, "codename": "change_curso"}}, {"model": "auth.permission", "pk": 27, "fields": {"name": "Can delete curso", "content_type": 7, "codename": "delete_curso"}}, {"model": "auth.permission", "pk": 28, "fields": {"name": "Can view curso", "content_type": 7, "codename": "view_curso"}}, {"model": "auth.permission", "pk": 29, "fields": {"name": "Can add inscripcion", "content_type": 8, "codename": "add_inscripcion"}}, {"model": "auth.permission", "pk": 30, "fields": {"name": "Can change inscripcion", "content_type": 8, "codename": "change_inscripcion"}}, {"model": "auth.permission", "pk": 31, "fields": {"name": "Can delete inscripcion", "content_type": 8, "codename": "delete_inscripcion"}}, {"model": "auth.permission", "pk": 32, "fields": {"name": "Can view inscripcion", "content_type": 8, "codename": "view_inscripcion"}}, {"model": "auth.permission", "pk": 33, "fields": {"name": "Can add perfil", "content_type": 9, "codename": "add_perfil"}}, {"model": "auth.permission", "pk": 34, "fields": {"name": "Can change perfil", "content_type": 9, "codename": "change_perfil"}}, {"model": "auth.permission", "pk": 35, "fields": {"name": "Can delete perfil", "content_type": 9, "codename": "delete_perfil"}}, {"model": "auth.permission", "pk": 36, "fields": {"name": "Can view perfil", "content_type": 9, "codename": "view_perfil"}}, {"model": "auth.permission", "pk": 37, "fields": {"name": "Can add profesor", "content_type": 10, "codename": "add_profesor"}}, {"model": "auth.permission", "pk": 38, "fields": {"name": "Can change profesor", "content_type": 10, "codename": "change_profesor"}}, {"model": "auth.permission", "pk": 39, "fields": {"name": "Can delete profesor", "content_type": 10, "codename": "delete_profesor"}}, {"model": "auth.permission", "pk": 40, "fields": {"name": "Can view profesor", "content_type": 10, "codename": "view_profesor"}}, {"model": "auth.permission", "pk": 41, "fields": {"name": "Can add material extra", "content_type": 11, "codename": "add_materialextra"}}, {"model": "auth.permission", "pk": 42, "fields": {"name": "Can change material extra", "content_type": 11, "codename": "change_materialextra"}}, {"model": "auth.permission", "pk": 43, "fields": {"name": "Can delete material extra", "content_type": 11, "codename": "delete_materialextra"}}, {"model": "auth.permission", "pk": 44, "fields": {"name": "Can view material extra", "content_type": 11, "codename": "view_materialextra"}}, {"model": "auth.permission", "pk": 45, "fields": {"name": "Can add recurso", "content_type": 12, "codename": "add_recurso"}}, {"model": "auth.permission", "pk": 46, "fields": {"name": "Can change recurso", "content_type": 12, "codename": "change_recurso"}}, {"model": "auth.permission", "pk": 47, "fields": {"name": "Can delete recurso", "content_type": 12, "codename": "delete_recurso"}}, {"model": "auth.permission", "pk": 48, "fields": {"name": "Can view recurso", "content_type": 12, "codename": "view_recurso"}}, {"model": "auth.permission", "pk": 49, "fields": {"name": "Can add progreso", "content_type": 13, "codename": "add_progreso"}}, {"model": "auth.permission", "pk": 50, "fields": {"name": "Can change progreso", "content_type": 13, "codename": "change_progreso"}}, {"model": "auth.permission", "pk": 51, "fields": {"name": "Can delete progreso", "content_type": 13, "codename": "delete_progreso"}}, {"model": "auth.permission", "pk": 52, "fields": {"name": "Can view progreso", "content_type": 13, "codename": "view_progreso"}}, {"model": "auth.user", "pk": 1, "fields": {"password": "pbkdf2_sha256$1000000$pFHs7N4a6h5Kxwer8uYWqU$Ta70hHcOsR6k32bw7G3x0a/aZxZrp3PmBaGaB+3yhBM=", "last_login": "2025-06-15T00:29:07.398Z", "is_superuser": true, "username": "alan", "first_name": "", "last_name": "", "email": "alan@gmail.com", "is_staff": true, "is_active": true, "date_joined": "2025-06-14T17:22:44.958Z", "groups": [], "user_permissions": []}}, {"model": "auth.user", "pk": 2, "fields": {"password": "pbkdf2_sha256$1000000$3ZgT8ZTzwzC4bNMkcglIMl$qAoR2XyiUQxJICatFxHYJ85YNkjJjONlpb6hdetQ5eA=", "last_login": "2025-06-15T00:29:57.524Z", "is_superuser": false, "username": "karen76", "first_name": "", "last_name": "", "email": "karen@umsa.bo", "is_staff": false, "is_active": true, "date_joined": "2025-06-14T17:23:14.223Z", "groups": [], "user_permissions": []}}, {"model": "auth.user", "pk": 3, "fields": {"password": "pbkdf2_sha256$1000000$1PgGkvNuyGLgYeC3tVxF95$c6IT6RaQ71Pv+LsZ4ojDWTNqCgMPZt5rrJ0g3hVL4k4=", "last_login": "2025-06-15T00:29:31.941Z", "is_superuser": false, "username": "Miguel99", "first_name": "", "last_name": "", "email": "miguel@umsa.bo", "is_staff": false, "is_active": true, "date_joined": "2025-06-14T17:23:49.664Z", "groups": [], "user_permissions": []}}, {"model": "auth.user", "pk": 4, "fields": {"password": "pbkdf2_sha256$1000000$kGLBxKXbTZl1dC7vJuTbRZ$8106KUDhcMOXzFD6/fleAQpo4gTdD3fsYOVda8Vuwx0=", "last_login": "2025-06-14T22:40:39.081Z", "is_superuser": false, "username": "Carol99", "first_name": "", "last_name": "", "email": "", "is_staff": false, "is_active": true, "date_joined": "2025-06-14T17:25:28.750Z", "groups": [], "user_permissions": []}}, {"model": "auth.user", "pk": 5, "fields": {"password": "pbkdf2_sha256$1000000$fCrlsD3Gg4EeFLtqRxhe2b$tTLWT0J2/4+mT1SsEhoX7BHJxbI92xOlOPZhQY0wg9I=", "last_login": null, "is_superuser": false, "username": "Gimana99", "first_name": "", "last_name": "", "email": "", "is_staff": false, "is_active": true, "date_joined": "2025-06-14T17:33:57.302Z", "groups": [], "user_permissions": []}}, {"model": "auth.user", "pk": 6, "fields": {"password": "pbkdf2_sha256$1000000$aBNIDLDxrTje9nlIauaA22$LJngU9cn4H/7zPRcxjSU9kqGDg2QjIagscFU//9pdwo=", "last_login": "2025-06-14T20:41:57.513Z", "is_superuser": false, "username": "jnina35", "first_name": "", "last_name": "", "email": "jnina35@umsa.bo", "is_staff": false, "is_active": true, "date_joined": "2025-06-14T20:41:56.924Z", "groups": [], "user_permissions": []}}, {"model": "contenttypes.contenttype", "pk": 1, "fields": {"app_label": "admin", "model": "logentry"}}, {"model": "contenttypes.contenttype", "pk": 2, "fields": {"app_label": "auth", "model": "permission"}}, {"model": "contenttypes.contenttype", "pk": 3, "fields": {"app_label": "auth", "model": "group"}}, {"model": "contenttypes.contenttype", "pk": 4, "fields": {"app_label": "auth", "model": "user"}}, {"model": "contenttypes.contenttype", "pk": 5, "fields": {"app_label": "contenttypes", "model": "contenttype"}}, {"model": "contenttypes.contenttype", "pk": 6, "fields": {"app_label": "sessions", "model": "session"}}, {"model": "contenttypes.contenttype", "pk": 7, "fields": {"app_label": "cursos", "model": "curso"}}, {"model": "contenttypes.contenttype", "pk": 8, "fields": {"app_label": "cursos", "model": "inscripcion"}}, {"model": "contenttypes.contenttype", "pk": 9, "fields": {"app_label": "cursos", "model": "perfil"}}, {"model": "contenttypes.contenttype", "pk": 10, "fields": {"app_label": "cursos", "model": "profesor"}}, {"model": "contenttypes.contenttype", "pk": 11, "fields": {"app_label": "cursos", "model": "materialextra"}}, {"model": "contenttypes.contenttype", "pk": 12, "fields": {"app_label": "cursos", "model": "recurso"}}, {"model": "contenttypes.contenttype", "pk": 13, "fields": {"app_label": "cursos", "model": "progreso"}}, {"model": "sessions.session", "pk": "sf42fhc9uckub2rft78rryxlwacpk4ih", "fields": {"session_data": ".eJxVjMsOwiAQRf-FtSFAebp07zeQYQakaiAp7cr479qkC93ec859sQjbWuM28hJnYmem2Ol3S4CP3HZAd2i3zrG3dZkT3xV-0MGvnfLzcrh_BxVG_dYioTDSadK-BDAyFGM1GpLaFcpWJqWQlAzWO4REUKwoEyTjPEhfJsPeH9-ROAM:1uQbG1:iydfzC39faoZ4u-aQ8QLvOSl3xaBSwFptdmDoRxd6V8", "expire_date": "2025-06-29T00:29:57.535Z"}}, {"model": "sessions.session", "pk": "uhaevw6s93m2zjlsqxplw097ahg7jxiu", "fields": {"session_data": ".eJxVjMsOwiAQRf-FtSFAebp07zeQYQakaiAp7cr479qkC93ec859sQjbWuM28hJnYmem2Ol3S4CP3HZAd2i3zrG3dZkT3xV-0MGvnfLzcrh_BxVG_dYioTDSadK-BDAyFGM1GpLaFcpWJqWQlAzWO4REUKwoEyTjPEhfJsPeH9-ROAM:1uQW6U:eJ71x8zlXf1zDcNCqHMfoa-28au9wfmDOFzGtc58SvQ", "expire_date": "2025-06-28T18:59:46.125Z"}}, {"model": "cursos.profesor", "pk": 1, "fields": {"user": 3, "nombre": "Miguel Alanoca Mamani", "email": "miguel@umsa.bo", "especialidad": "Ingles"}}, {"model": "cursos.profesor", "pk": 2, "fields": {"user": 4, "nombre": "Carolina Apaza Ruiz Gimenez", "email": "carol@umsa.bo", "especialidad": "Aymara"}}, {"model": "cursos.profesor", "pk": 3, "fields": {"user": 5, "nombre": "Gimena Gabriel Turan Lopez", "email": "gimena@umsa.bo", "especialidad": "Quechua"}}, {"model": "cursos.curso", "pk": 1, "fields": {"titulo": "Ingles A1", "descripcion": "Se trata del nivel más básico de dominio de una lengua. En este nivel se espera que el hablante pueda interactuar de manera sencilla con otras personas que hagan un esfuerzo por hablar lenta y claramente, no en un ritmo de conversación natural.\r\n\r\nSe espera de la persona que pueda llevar a cabo conversaciones básicas como presentarse a sí mismo, hacer y responder preguntas sobre datos personales (nombre, donde vive, aficiones).\r\n\r\nEl vocabulario es básico, y se limita a sustantivos concretos y cercanos al día día (animales domésticos, partes de la casa, comida, partes del cuerpo)", "fecha_inicio": "2025-06-14", "fecha_fin": "2025-03-14", "profesor": 1}}, {"model": "cursos.curso", "pk": 2, "fields": {"titulo": "Ingles A2", "descripcion": "En este nivel se desarrollan un poco más las estructuras gramaticales y las capacidades de comunicación del nivel anterior.\r\n\r\nSe espera que el hablante pueda describir en presente y en pasado aspectos sencillos de su entorno inmediato (familia, compras, trabajo, direcciones) así como comunicar de forma simple intercambios de información básicos, sencillos y directos.", "fecha_inicio": "2025-06-14", "fecha_fin": "2025-03-14", "profesor": 1}}, {"model": "cursos.curso", "pk": 3, "fields": {"titulo": "Ingles B1", "descripcion": "En este nivel el hablante debe ser capaz de entablar una conversación con hablantes nativos en situaciones de la vida cotidiana (trabajo, escuela, un restaurante).\r\n\r\nEmpieza a dominarse el vocabulario abstracto y el hablante puede describir sus experiencias o sucesos que le han ocurrido en el pasado. Puede hablar de sueños, ambiciones y esperanzas sobre el futuro. Es capaz de expresar su opinión sobre planes y dar explicaciones sobre sus acciones.", "fecha_inicio": "2025-06-14", "fecha_fin": "2025-03-14", "profesor": 1}}, {"model": "cursos.curso", "pk": 4, "fields": {"titulo": "Ingles B2", "descripcion": "Este es el nivel medio-alto del que se habla cuando alguien quiere referirse a su nivel de dominio de un idioma.\r\n\r\nSe espera del hablante que sea capaz de entender y producir textos complejos sobre temas concretos y con cierto nivel de abstracción (escribir una carta de solicitud de empleo, hacer una reseña de una película, un espectáculo o un libro, escribir un ensayo sobre un problema, por ejemplo de estilo de vida, alimentación, o medio-ambiente)\r\n\r\nSe es capaz de entablar una conversación con hablantes nativos con cierto nivel de fluidez y espontaneidad, con pocos errores que además no dificulten en exceso la comprensión de lo que el hablante está diciendo. Se pueden expresar opiniones y puntos de vista, así como aportar ventajas y desventajas sobre un determinado tema.", "fecha_inicio": "2025-06-14", "fecha_fin": "2025-03-14", "profesor": 1}}, {"model": "cursos.curso", "pk": 5, "fields": {"titulo": "Aymara A1", "descripcion": "Saludar, presentarte, decir tu nombre y de dónde eres.\r\n\r\nComprender y usar expresiones muy comunes (hola, adiós, gracias).\r\n\r\nHacer preguntas simples.\r\n\r\nComprender frases cortas si te hablan despacio.", "fecha_inicio": "2025-06-14", "fecha_fin": "2025-03-14", "profesor": 2}}, {"model": "cursos.curso", "pk": 6, "fields": {"titulo": "Aymara A2", "descripcion": "Hablar de tu familia, comida, trabajo o estudios.\r\n\r\nHacer preguntas y respuestas sencillas sobre temas comunes.\r\n\r\nEntender conversaciones sencillas en situaciones cotidianas.\r\n\r\nEscribir frases cortas con vocabulario básico.", "fecha_inicio": "2025-06-14", "fecha_fin": "2025-03-14", "profesor": 2}}, {"model": "cursos.curso", "pk": 7, "fields": {"titulo": "Aymara A3", "descripcion": "Expresar ideas simples con oraciones más completas.\r\n\r\nDescribir tu vida diaria, hablar sobre tu comunidad, tu cultura.\r\n\r\nParticipar en charlas básicas sin depender tanto del español.\r\n\r\nReconocer más palabras y estructuras gramaticales.", "fecha_inicio": "2025-06-14", "fecha_fin": "2025-03-14", "profesor": 2}}, {"model": "cursos.curso", "pk": 8, "fields": {"titulo": "Quechua A1", "descripcion": "Saludar y despedirte.\r\n\r\nDecir tu nombre, de dónde eres, qué haces.\r\n\r\nUsar frases muy simples y comunes (buenos días, gracias, adiós).\r\n\r\nEntender cuando alguien te habla despacio y con palabras fáciles.", "fecha_inicio": "2025-06-14", "fecha_fin": "2025-03-14", "profesor": 3}}, {"model": "cursos.curso", "pk": 9, "fields": {"titulo": "Quechua A2", "descripcion": "Hablar un poco sobre tu rutina diaria (trabajo, casa, familia).\r\n\r\nPreguntar y responder cosas básicas (¿qué comes?, ¿dónde vives?).\r\n\r\nEntender conversaciones lentas sobre temas conocidos.\r\n\r\nExpresarte con más confianza aunque cometas errores.", "fecha_inicio": "2025-06-14", "fecha_fin": "2025-03-14", "profesor": 3}}, {"model": "cursos.curso", "pk": 10, "fields": {"titulo": "Quechua A3", "descripcion": "Participar en conversaciones simples pero más largas.\r\n\r\nHablar con más detalle sobre tus actividades, gustos y lo que hiciste en el día.\r\n\r\nDescribir personas, lugares o cosas de tu comunidad.\r\n\r\nEntender más vocabulario y expresiones culturales.", "fecha_inicio": "2025-06-14", "fecha_fin": "2025-03-14", "profesor": 3}}, {"model": "cursos.inscripcion", "pk": 5, "fields": {"user": 6, "nombre_estudiante": "Jhonatan Nina Selaez", "email_estudiante": "jnina35@umsa.bo", "fecha_inscripcion": "2025-06-14", "curso": 1}}, {"model": "cursos.inscripcion", "pk": 7, "fields": {"user": 2, "nombre_estudiante": "Karen Abigail Monzerrat", "email_estudiante": "karen@umsa.bo", "fecha_inscripcion": "2025-06-14", "curso": 1}}, {"model": "cursos.inscripcion", "pk": 13, "fields": {"user": 2, "nombre_estudiante": "Karen Abigail Monzerrat", "email_estudiante": "karen@umsa.bo", "fecha_inscripcion": "2025-06-14", "curso": 5}}, {"model": "cursos.recurso", "pk": 1, "fields": {"titulo": "Names and Occupations", "descripcion": "• Tell a classmate your occupation\r\n• Identify your classmates\r\n• Spell names", "tipo_archivo": "Archivo", "enlace": "/materiales/Recurso1InglesA1.pdf", "curso": 1}}, {"model": "cursos.recurso", "pk": 2, "fields": {"titulo": "About People", "descripcion": "• Introduce people\r\n• Tell someone your first and last name\r\n• Get someone's contact information", "tipo_archivo": "Archivo", "enlace": "/materiales/Recurso1InglesA1_vrF1EHc.pdf", "curso": 1}}, {"model": "cursos.recurso", "pk": 3, "fields": {"titulo": "Places and How to Get There", "descripcion": "• Talk about locations\r\n• Discuss how to get places\r\n• Discuss transportation", "tipo_archivo": "Archivo", "enlace": "/materiales/Recurso1InglesA1_pR8HqSy.pdf", "curso": 1}}, {"model": "cursos.recurso", "pk": 4, "fields": {"titulo": "Family", "descripcion": "• Identify people in your family\r\n• Describe your relatives\r\n• Talk about your family", "tipo_archivo": "Archivo", "enlace": "/materiales/Recurso1InglesA1_onVdCJr.pdf", "curso": 1}}, {"model": "cursos.recurso", "pk": 5, "fields": {"titulo": "Events and Times", "descripcion": "• Confirm that you're on time\r\n• Talk about the time of an event\r\n• Ask about birthdays", "tipo_archivo": "Archivo", "enlace": "/materiales/Recurso1InglesA1_jWoDOGk.pdf", "curso": 1}}, {"model": "cursos.recurso", "pk": 6, "fields": {"titulo": "Clothes", "descripcion": "• Give and accept a compliment\r\n• Ask for colors and sizes\r\n• Describe clothes", "tipo_archivo": "Archivo", "enlace": "/materiales/Recurso1InglesA1_lwM5Nmc.pdf", "curso": 1}}, {"model": "cursos.recurso", "pk": 7, "fields": {"titulo": "Unidad 1", "descripcion": "aaaaaaaaa\r\naaaaaaaaaa\r\naaaaaaaa\r\naaaaaaaaa\r\naaaaaa\r\naaaaaaaa", "tipo_archivo": "Archivo", "enlace": "/materiales/Recurso1InglesA1_Fj2vPVb.pdf", "curso": 5}}, {"model": "cursos.progreso", "pk": 7, "fields": {"inscripcion": 7, "recurso": 1, "completado": true, "fecha_completado": "2025-06-14"}}, {"model": "cursos.progreso", "pk": 8, "fields": {"inscripcion": 7, "recurso": 2, "completado": true, "fecha_completado": "2025-06-14"}}, {"model": "cursos.progreso", "pk": 9, "fields": {"inscripcion": 7, "recurso": 3, "completado": true, "fecha_completado": "2025-06-14"}}, {"model": "cursos.progreso", "pk": 10, "fields": {"inscripcion": 13, "recurso": 7, "completado": true, "fecha_completado": "2025-06-14"}}, {"model": "cursos.materialextra", "pk": 1, "fields": {"profesor": 1, "curso": 1, "titulo": "Names and Occupations", "descripcion": "• Tell a classmate your occupation\r\n• Identify your classmates\r\n• Spell names", "archivo": "materiales/Recurso1InglesA1.pdf", "fecha_subida": "2025-06-14T17:51:31.598Z"}}, {"model": "cursos.materialextra", "pk": 2, "fields": {"profesor": 1, "curso": 1, "titulo": "About People", "descripcion": "• Introduce people\r\n• Tell someone your first and last name\r\n• Get someone's contact information", "archivo": "materiales/Recurso1InglesA1_vrF1EHc.pdf", "fecha_subida": "2025-06-14T22:34:08.829Z"}}, {"model": "cursos.materialextra", "pk": 3, "fields": {"profesor": 1, "curso": 1, "titulo": "Places and How to Get There", "descripcion": "• Talk about locations\r\n• Discuss how to get places\r\n• Discuss transportation", "archivo": "materiales/Recurso1InglesA1_pR8HqSy.pdf", "fecha_subida": "2025-06-14T22:39:51.470Z"}}, {"model": "cursos.materialextra", "pk": 4, "fields": {"profesor": 1, "curso": 1, "titulo": "Family", "descripcion": "• Identify people in your family\r\n• Describe your relatives\r\n• Talk about your family", "archivo": "materiales/Recurso1InglesA1_onVdCJr.pdf", "fecha_subida": "2025-06-14T22:40:03.845Z"}}, {"model": "cursos.materialextra", "pk": 5, "fields": {"profesor": 1, "curso": 1, "titulo": "Events and Times", "descripcion": "• Confirm that you're on time\r\n• Talk about the time of an event\r\n• Ask about birthdays", "archivo": "materiales/Recurso1InglesA1_jWoDOGk.pdf", "fecha_subida": "2025-06-14T22:40:16.791Z"}}, {"model": "cursos.materialextra", "pk": 6, "fields": {"profesor": 1, "curso": 1, "titulo": "Clothes", "descripcion": "• Give and accept a compliment\r\n• Ask for colors and sizes\r\n• Describe clothes", "archivo": "materiales/Recurso1InglesA1_lwM5Nmc.pdf", "fecha_subida": "2025-06-14T22:40:31.439Z"}}, {"model": "cursos.materialextra", "pk": 7, "fields": {"profesor": 2, "curso": 5, "titulo": "Unidad 1", "descripcion": "aaaaaaaaa\r\naaaaaaaaaa\r\naaaaaaaa\r\naaaaaaaaa\r\naaaaaa\r\naaaaaaaa", "archivo": "materiales/Recurso1InglesA1_Fj2vPVb.pdf", "fecha_subida": "2025-06-14T22:40:56.446Z"}}, {"model": "cursos.perfil", "pk": 1, "fields": {"user": 1, "imagen": "perfiles/default.jpg", "biografia": null, "idioma_nativo": null, "intereses": null}}, {"model": "cursos.perfil", "pk": 2, "fields": {"user": 2, "imagen": "perfiles/default.jpg", "biografia": "Nada que decir jeje", "idioma_nativo": "Español", "intereses": "Musica"}}, {"model": "cursos.perfil", "pk": 3, "fields": {"user": 3, "imagen": "perfiles/default.jpg", "biografia": "Salido de la Universidad Mayor De San Andres", "idioma_nativo": "Ingles", "intereses": "Musica Extranjera"}}, {"model": "cursos.perfil", "pk": 4, "fields": {"user": 4, "imagen": "perfiles/default.jpg", "biografia": null, "idioma_nativo": null, "intereses": null}}, {"model": "cursos.perfil", "pk": 5, "fields": {"user": 5, "imagen": "perfiles/default.jpg", "biografia": null, "idioma_nativo": null, "intereses": null}}, {"model": "cursos.perfil", "pk": 6, "fields": {"user": 6, "imagen": "static/perfiles/perfil_defecto.jpg", "biografia": null, "idioma_nativo": null, "intereses": null}}]